INSERT INTO donor (id, name, phone, address, email) VALUES
(1, 'Alice Simmons', '709-555-0100', '123 Bay St, St. John', 'alice@example.com'),
(2, 'Marcus Dean', '709-555-0101', '45 Ridge Rd, Gander', 'marcus@example.com'),
(3, 'Lina Wu', '709-555-0102', '88 Queen St, Corner Brook', 'lina@example.com'),
(4, 'Kofi Mensah', '709-555-0103', '10 Viking Ave, Happy Valley', 'kofi@example.com'),
(5, 'Helen Li', '709-555-0104', '200 Harbour Dr, Mount Pearl', 'helen@example.com'),
(6, 'Isaac Jones', '709-555-0105', '9 Tundra Way, Labrador City', 'isaac@example.com'),
(7, 'Monique R.', '709-555-0106', '303 Pine St, St. Johns', 'monique@example.com'),
(8, 'Diego Santos', '709-555-0107', '17 East Rd, Clarenville', 'diego@example.com'),
(9, 'Fatima Noor', '709-555-0108', '5 Iceberg Ln, Bonavista', 'fatima@example.com'),
(10, 'Andrew Singh', '709-555-0109', '65 Main St, Stephenville', 'andrew@example.com'),
(11, 'Sophie L.', '709-555-0110', '12 Brook St, Carbonear', 'sophie@example.com'),
(12, 'Mohamed A.', '709-555-0111', '100 Labrador Loop, Goose Bay', 'mohamed@example.com'),
(13, 'Jean-Pierre G.', '709-555-0112', '31 Heritage Rd, Placentia', 'jeanpierre@example.com'),
(14, 'Diana Evans', '709-555-0113', '49 Riverbank Rd, Glovertown', 'diana@example.com'),
(15, 'Yara M.', '709-555-0114', '321 Signal Hill, St. John', 'yara@example.com');


INSERT INTO location (id, location_label, room, section, climate_controlled, note) VALUES
(101, 'Main Gallery', 'Room 1', 'East', TRUE, 'Display Area'),
(102, 'Storage Vault A', 'Room 2', 'North', TRUE, 'Secure access only'),
(103, 'Workshop', 'Room 3', 'South', FALSE, 'Used for restoration'),
(104, 'Archive Room', 'Room 4', 'West', TRUE, 'Historical documents only'),
(105, 'Vault B', 'Room 5', 'East', TRUE, 'Humidity controlled'),
(106, 'Temporary Exhibit', 'Room 6', NULL, FALSE, 'Setup in progress'),
(107, 'Research Lab', 'Room 7', 'North', TRUE, 'Open only to staff'),
(108, 'Quarantine', 'Room 8', 'South', FALSE, 'Incoming objects quarantine'),
(109, 'Public Exhibit A', 'Room 9', 'West', FALSE, 'Open to public'),
(110, 'Storage C', 'Room 10', 'East', TRUE, 'Cold storage'),
(111, 'Display Corner', 'Room 1', 'North', FALSE, NULL),
(112, 'Admin Archive', 'Room 2', 'East', TRUE, 'Used for admin files'),
(113, 'Education Room', 'Room 3', 'South', FALSE, 'Used for teaching'),
(114, 'Temporary Vault', 'Room 11', 'North', TRUE, 'Backup vault'),
(115, 'Photo Lab', 'Room 12', NULL, TRUE, 'Digital capture station');

INSERT INTO artifact (id, name, description, date_estimated, material, condition, donor_id, location_id) VALUES
(201, 'Terracotta Figurine', 'Greek figurine of a woman.', '0500-01-01', 'Clay', 'Fair', 1, 101),
(202, 'Roman Coin', '3rd-century gold coin.', '0275-01-01', 'Gold', 'Good', 2, 102),
(203, 'Viking Shield', 'Fragment of a wooden shield.', '0950-01-01', 'Wood', 'Fragile', 3, 103),
(204, 'Inuit Tool', 'Bone-carved tool.', '1200-01-01', 'Bone', 'Excellent', 4, 104),
(205, 'Beothuk Necklace', 'Traditional beads.', '1600-01-01', 'Shell', 'Good', 5, 105),
(206, 'Fishing Net', 'Twined net used in 1800s.', '1850-01-01', 'Hemp', 'Worn', 6, 106),
(207, 'Oil Lamp', '19th-century household lamp.', '1870-01-01', 'Metal', 'Fair', 7, 107),
(208, 'Letter from Explorer', 'Handwritten letter.', '1770-01-01', 'Paper', 'Good', 8, 108),
(209, 'Wool Cap', 'Worn by sailors.', '1920-01-01', 'Wool', 'Worn', 9, 109),
(210, 'Carved Walking Stick', 'Decorative walking stick.', '1910-01-01', 'Wood', 'Fair', 10, 110),
(211, 'Logbook', 'Ship captain log.', '1810-01-01', 'Leather', 'Good', 11, 111),
(212, 'Ceramic Plate', 'Decorative plate.', '1780-01-01', 'Ceramic', 'Chipped', 12, 112),
(213, 'Brass Compass', 'Navigation tool.', '1805-01-01', 'Brass', 'Excellent', 13, 113),
(214, 'War Medal', 'WWI military medal.', '1919-01-01', 'Metal', 'Mint', 14, 114),
(215, 'Historic Camera', 'Box camera from 1900s.', '1905-01-01', 'Metal', 'Fair', 15, 115);

INSERT INTO exhibition (id, title, start_date, end_date) VALUES
(301, 'Ancient Civilizations', '2025-01-01', '2025-06-30'),
(302, 'Vikings in the North', '2025-02-15', '2025-08-15'),
(303, 'Maritime History', '2025-03-01', '2025-09-01'),
(304, 'Voices of Labrador', '2025-04-01', '2025-07-31'),
(305, 'Beothuk Legacy', '2025-05-01', '2025-10-01'),
(306, 'Life in the 1800s', '2025-06-15', '2025-12-15'),
(307, 'Colonial Letters', '2025-07-01', '2025-10-30'),
(308, 'Working the Sea', '2025-08-01', '2026-01-15'),
(309, 'Tools of the Past', '2025-09-01', NULL),
(310, 'Northern Lights: Inuit Artifacts', '2025-09-15', '2026-02-28'),
(311, 'Forgotten Frontlines', '2025-10-01', NULL),
(312, 'Museum Highlights', '2025-11-01', NULL),
(313, 'Art of Navigation', '2025-11-15', NULL),
(314, 'New Acquisitions', '2025-12-01', NULL),
(315, 'Photography Then & Now', '2026-01-01', '2026-06-01');

INSERT INTO artifact_exhibition (artifact_id, exhibition_id) VALUES
(201, 301),
(202, 301),
(203, 302),
(204, 310),
(205, 305),
(206, 306),
(207, 306),
(208, 307),
(209, 308),
(210, 309),
(211, 307),
(212, 309),
(213, 313),
(214, 311),
(215, 315);
